station,lat,lon,day,tmax,tmin
Alajärvi Möksy,63.08898,24.26084,2025-12-31,-15.3,-22.0
Alajärvi Möksy,63.08898,24.26084,2026-01-01,-16.5,-22.3
Alajärvi Möksy,63.08898,24.26084,2026-01-02,-13.6,-20.0
Alajärvi Möksy,63.08898,24.26084,2026-01-03,-12.4,-17.5
Alajärvi Möksy,63.08898,24.26084,2026-01-04,-17.4,-25.6
Asikkala Pulkkilanharju,61.26521,25.52021,2025-12-31,-5.4,-10.2
Asikkala Pulkkilanharju,61.26521,25.52021,2026-01-01,-9.0,-14.5
Asikkala Pulkkilanharju,61.26521,25.52021,2026-01-02,-9.3,-14.2
Asikkala Pulkkilanharju,61.26521,25.52021,2026-01-03,-8.0,-12.1
Asikkala Pulkkilanharju,61.26521,25.52021,2026-01-04,-12.0,-18.3
Enontekiö Kilpisjärvi Saana,69.04277,20.85091,2025-12-31,-13.7,-18.4
Enontekiö Kilpisjärvi Saana,69.04277,20.85091,2026-01-01,-17.1,-20.2
Enontekiö Kilpisjärvi Saana,69.04277,20.85091,2026-01-02,-12.1,-21.2
Enontekiö Kilpisjärvi Saana,69.04277,20.85091,2026-01-03,-11.6,-16.4
Enontekiö Kilpisjärvi Saana,69.04277,20.85091,2026-01-04,-11.7,-15.4
Enontekiö Kilpisjärvi kyläkeskus,69.03905,20.81379,2025-12-31,-12.3,-35.3
Enontekiö Kilpisjärvi kyläkeskus,69.03905,20.81379,2026-01-01,-31.9,-39.3
Enontekiö Kilpisjärvi kyläkeskus,69.03905,20.81379,2026-01-02,-19.5,-39.9
Enontekiö Kilpisjärvi kyläkeskus,69.03905,20.81379,2026-01-03,-8.4,-29.5
Enontekiö Kilpisjärvi kyläkeskus,69.03905,20.81379,2026-01-04,-9.2,-33.9
Enontekiö Näkkälä,68.60301,23.57595,2025-12-31,-18.9,-31.1
Enontekiö Näkkälä,68.60301,23.57595,2026-01-01,-28.2,-33.3
Enontekiö Näkkälä,68.60301,23.57595,2026-01-02,-24.6,-32.5
Enontekiö Näkkälä,68.60301,23.57595,2026-01-03,-19.1,-30.5
Enontekiö Näkkälä,68.60301,23.57595,2026-01-04,-19.2,-34.4
Enontekiö lentoasema,68.3614,23.42755,2025-12-31,-18.4,-34.6
Enontekiö lentoasema,68.3614,23.42755,2026-01-01,-30.0,-36.2
Enontekiö lentoasema,68.3614,23.42755,2026-01-02,-24.0,-34.9
Enontekiö lentoasema,68.3614,23.42755,2026-01-03,-22.3,-34.2
Enontekiö lentoasema,68.3614,23.42755,2026-01-04,-21.7,-38.8
Espoo Nuuksio,60.29128,24.56782,2025-12-31,-7.7,-13.1
Espoo Nuuksio,60.29128,24.56782,2026-01-01,-10.0,-15.3
Espoo Nuuksio,60.29128,24.56782,2026-01-02,-4.8,-10.5
Espoo Nuuksio,60.29128,24.56782,2026-01-03,-6.0,-9.9
Espoo Nuuksio,60.29128,24.56782,2026-01-04,-9.8,-14.7
Espoo Tapiola,60.17797,24.78743,2025-12-31,-6.7,-12.1
Espoo Tapiola,60.17797,24.78743,2026-01-01,-4.3,-16.7
Espoo Tapiola,60.17797,24.78743,2026-01-02,-3.4,-6.5
Espoo Tapiola,60.17797,24.78743,2026-01-03,-2.9,-8.8
Espoo Tapiola,60.17797,24.78743,2026-01-04,-8.8,-13.5
Haapavesi Mustikkamäki,64.14263,25.42335,2025-12-31,-12.9,-20.9
Haapavesi Mustikkamäki,64.14263,25.42335,2026-01-01,-13.8,-22.3
Haapavesi Mustikkamäki,64.14263,25.42335,2026-01-02,-20.1,-23.4
Haapavesi Mustikkamäki,64.14263,25.42335,2026-01-03,-14.3,-21.1
Haapavesi Mustikkamäki,64.14263,25.42335,2026-01-04,-18.4,-22.5
Hailuoto Keskikylä,65.01967,24.72758,2025-12-31,-10.5,-17.7
Hailuoto Keskikylä,65.01967,24.72758,2026-01-01,-12.3,-18.3
Hailuoto Keskikylä,65.01967,24.72758,2026-01-02,-17.2,-19.6
Hailuoto Keskikylä,65.01967,24.72758,2026-01-03,-16.7,-18.8
Hailuoto Keskikylä,65.01967,24.72758,2026-01-04,-16.4,-23.0
Hailuoto Marjaniemi,65.03975,24.56118,2025-12-31,-6.9,-10.7
Hailuoto Marjaniemi,65.03975,24.56118,2026-01-01,-10.0,-17.0
Hailuoto Marjaniemi,65.03975,24.56118,2026-01-02,-15.1,-19.5
Hailuoto Marjaniemi,65.03975,24.56118,2026-01-03,-16.1,-18.7
Hailuoto Marjaniemi,65.03975,24.56118,2026-01-04,-12.0,-19.7
Halsua Purola,63.44564,24.44422,2025-12-31,-16.8,-22.1
Halsua Purola,63.44564,24.44422,2026-01-01,-14.8,-23.0
Halsua Purola,63.44564,24.44422,2026-01-02,-15.8,-22.2
Halsua Purola,63.44564,24.44422,2026-01-03,-13.4,-18.8
Halsua Purola,63.44564,24.44422,2026-01-04,-18.2,-26.2
Hammarland Märket,60.30098,19.13142,2025-12-31,0.2,-3.5
Hammarland Märket,60.30098,19.13142,2026-01-01,1.5,-2.4
Hammarland Märket,60.30098,19.13142,2026-01-02,0.2,-3.4
Hammarland Märket,60.30098,19.13142,2026-01-03,-1.8,-3.1
Hammarland Märket,60.30098,19.13142,2026-01-04,-2.1,-5.5
Hanko Russarö,59.77363,22.94868,2025-12-31,-4.0,-6.6
Hanko Russarö,59.77363,22.94868,2026-01-01,-1.5,-6.7
Hanko Russarö,59.77363,22.94868,2026-01-02,-1.0,-3.6
Hanko Russarö,59.77363,22.94868,2026-01-03,-0.3,-5.2
Hanko Russarö,59.77363,22.94868,2026-01-04,-5.0,-9.7
Hanko Tulliniemi,59.80864,22.91246,2025-12-31,-4.2,-6.5
Hanko Tulliniemi,59.80864,22.91246,2026-01-01,-1.5,-6.2
Hanko Tulliniemi,59.80864,22.91246,2026-01-02,-1.4,-3.9
Hanko Tulliniemi,59.80864,22.91246,2026-01-03,-0.7,-6.2
Hanko Tulliniemi,59.80864,22.91246,2026-01-04,-6.2,-9.9
Hanko Tvärminne,59.84383,23.24859,2025-12-31,-5.1,-9.1
Hanko Tvärminne,59.84383,23.24859,2026-01-01,-2.1,-10.8
Hanko Tvärminne,59.84383,23.24859,2026-01-02,-1.3,-3.9
Hanko Tvärminne,59.84383,23.24859,2026-01-03,-0.5,-6.2
Hanko Tvärminne,59.84383,23.24859,2026-01-04,-6.1,-10.6
Hattula Lepaa,61.11454,24.32449,2025-12-31,-7.6,-12.0
Hattula Lepaa,61.11454,24.32449,2026-01-01,-10.0,-15.0
Hattula Lepaa,61.11454,24.32449,2026-01-02,-9.2,-13.5
Hattula Lepaa,61.11454,24.32449,2026-01-03,-8.0,-11.1
Hattula Lepaa,61.11454,24.32449,2026-01-04,-11.1,-19.2
Heinola Asemantaus,61.20008,26.04967,2025-12-31,-8.8,-11.8
Heinola Asemantaus,61.20008,26.04967,2026-01-01,-9.3,-17.2
Heinola Asemantaus,61.20008,26.04967,2026-01-02,-9.5,-17.8
Heinola Asemantaus,61.20008,26.04967,2026-01-03,-8.1,-12.3
Heinola Asemantaus,61.20008,26.04967,2026-01-04,-12.3,-19.0
Helsinki Harmaja,60.10512,24.97539,2025-12-31,-4.4,-7.8
Helsinki Harmaja,60.10512,24.97539,2026-01-01,-3.1,-8.7
Helsinki Harmaja,60.10512,24.97539,2026-01-02,-1.8,-4.0
Helsinki Harmaja,60.10512,24.97539,2026-01-03,-1.3,-7.6
Helsinki Harmaja,60.10512,24.97539,2026-01-04,-6.9,-11.7
Helsinki Kaisaniemi,60.17523,24.94459,2025-12-31,-6.5,-11.3
Helsinki Kaisaniemi,60.17523,24.94459,2026-01-01,-4.2,-13.4
Helsinki Kaisaniemi,60.17523,24.94459,2026-01-02,-2.8,-5.8
Helsinki Kaisaniemi,60.17523,24.94459,2026-01-03,-2.6,-8.7
Helsinki Kaisaniemi,60.17523,24.94459,2026-01-04,-8.7,-13.3
Helsinki Kumpula,60.20307,24.96131,2025-12-31,-7.0,-13.0
Helsinki Kumpula,60.20307,24.96131,2026-01-01,-4.9,-15.0
Helsinki Kumpula,60.20307,24.96131,2026-01-02,-3.6,-6.6
Helsinki Kumpula,60.20307,24.96131,2026-01-03,-3.1,-9.1
Helsinki Kumpula,60.20307,24.96131,2026-01-04,-9.1,-13.7
Helsinki Malmi lentokenttä,60.25299,25.04549,2025-12-31,-7.1,-15.7
Helsinki Malmi lentokenttä,60.25299,25.04549,2026-01-01,-9.2,-18.9
Helsinki Malmi lentokenttä,60.25299,25.04549,2026-01-02,-3.8,-9.9
Helsinki Malmi lentokenttä,60.25299,25.04549,2026-01-03,-3.8,-9.3
Helsinki Malmi lentokenttä,60.25299,25.04549,2026-01-04,-9.3,-14.1
Helsinki Vuosaari satama,60.20867,25.1959,2025-12-31,-6.0,-10.1
Helsinki Vuosaari satama,60.20867,25.1959,2026-01-01,-3.1,-12.4
Helsinki Vuosaari satama,60.20867,25.1959,2026-01-02,-2.0,-5.6
Helsinki Vuosaari satama,60.20867,25.1959,2026-01-03,-1.9,-8.6
Helsinki Vuosaari satama,60.20867,25.1959,2026-01-04,-8.1,-13.1
Hyvinkää Hyvinkäänkylä,60.59589,24.80297,2025-12-31,-8.4,-17.5
Hyvinkää Hyvinkäänkylä,60.59589,24.80297,2026-01-01,-13.1,-21.5
Hyvinkää Hyvinkäänkylä,60.59589,24.80297,2026-01-02,-8.0,-13.2
Hyvinkää Hyvinkäänkylä,60.59589,24.80297,2026-01-03,-7.7,-10.9
Hyvinkää Hyvinkäänkylä,60.59589,24.80297,2026-01-04,-10.6,-16.3
Hämeenlinna Katinen,60.9992,24.49163,2025-12-31,-8.1,-14.2
Hämeenlinna Katinen,60.9992,24.49163,2026-01-01,-11.7,-16.2
Hämeenlinna Katinen,60.9992,24.49163,2026-01-02,-8.8,-12.8
Hämeenlinna Katinen,60.9992,24.49163,2026-01-03,-7.8,-11.2
Hämeenlinna Katinen,60.9992,24.49163,2026-01-04,-11.2,-17.6
Hämeenlinna Lammi Pappila,61.05408,25.03844,2025-12-31,-10.1,-16.8
Hämeenlinna Lammi Pappila,61.05408,25.03844,2026-01-01,-12.7,-19.7
Hämeenlinna Lammi Pappila,61.05408,25.03844,2026-01-02,-9.4,-14.8
Hämeenlinna Lammi Pappila,61.05408,25.03844,2026-01-03,-8.3,-12.6
Hämeenlinna Lammi Pappila,61.05408,25.03844,2026-01-04,-12.4,-18.8
Ilmajoki Seinäjoki lentoasema,62.68571,22.84272,2025-12-31,-12.1,-17.3
Ilmajoki Seinäjoki lentoasema,62.68571,22.84272,2026-01-01,-14.0,-19.0
Ilmajoki Seinäjoki lentoasema,62.68571,22.84272,2026-01-02,-12.2,-18.4
Ilmajoki Seinäjoki lentoasema,62.68571,22.84272,2026-01-03,-11.9,-15.0
Ilmajoki Seinäjoki lentoasema,62.68571,22.84272,2026-01-04,-14.8,-26.6
Ilomantsi Mekrijärvi,62.76942,30.97467,2025-12-31,-8.3,-20.2
Ilomantsi Mekrijärvi,62.76942,30.97467,2026-01-01,-17.7,-25.8
Ilomantsi Mekrijärvi,62.76942,30.97467,2026-01-02,-14.8,-26.0
Ilomantsi Mekrijärvi,62.76942,30.97467,2026-01-03,-11.4,-18.4
Ilomantsi Mekrijärvi,62.76942,30.97467,2026-01-04,-17.5,-22.7
Inari Angeli Lintupuoliselkä,68.90296,25.73646,2025-12-31,-15.9,-21.5
Inari Angeli Lintupuoliselkä,68.90296,25.73646,2026-01-01,-20.6,-32.0
Inari Angeli Lintupuoliselkä,68.90296,25.73646,2026-01-02,-17.8,-31.2
Inari Angeli Lintupuoliselkä,68.90296,25.73646,2026-01-03,-22.0,-28.4
Inari Angeli Lintupuoliselkä,68.90296,25.73646,2026-01-04,-19.9,-23.2
Inari Ivalo lentoasema,68.61336,27.4189,2025-12-31,-11.2,-27.4
Inari Ivalo lentoasema,68.61336,27.4189,2026-01-01,-26.1,-32.2
Inari Ivalo lentoasema,68.61336,27.4189,2026-01-02,-26.1,-32.9
Inari Ivalo lentoasema,68.61336,27.4189,2026-01-03,-30.1,-34.8
Inari Ivalo lentoasema,68.61336,27.4189,2026-01-04,-22.3,-32.1
Inari Kaamanen,69.14089,27.26567,2025-12-31,-12.1,-26.8
Inari Kaamanen,69.14089,27.26567,2026-01-01,-26.0,-33.4
Inari Kaamanen,69.14089,27.26567,2026-01-02,-29.9,-33.9
Inari Kaamanen,69.14089,27.26567,2026-01-03,-29.1,-35.4
Inari Kaamanen,69.14089,27.26567,2026-01-04,-26.1,-37.1
Inari Kirakkajärvi,69.5825,28.89409,2025-12-31,-10.9,-28.4
Inari Kirakkajärvi,69.5825,28.89409,2026-01-01,-27.9,-33.5
Inari Kirakkajärvi,69.5825,28.89409,2026-01-02,-31.6,-34.1
Inari Kirakkajärvi,69.5825,28.89409,2026-01-03,-24.9,-33.3
Inari Kirakkajärvi,69.5825,28.89409,2026-01-04,-25.1,-32.2
Inari Nellim,68.84928,28.29911,2025-12-31,-13.0,-29.7
Inari Nellim,68.84928,28.29911,2026-01-01,-28.8,-33.3
Inari Nellim,68.84928,28.29911,2026-01-02,-26.9,-31.4
Inari Nellim,68.84928,28.29911,2026-01-03,-28.6,-35.0
Inari Nellim,68.84928,28.29911,2026-01-04,-22.7,-36.3
Inari Raja-Jooseppi Kontiojärvi,68.47055,28.31572,2025-12-31,-16.4,-23.2
Inari Raja-Jooseppi Kontiojärvi,68.47055,28.31572,2026-01-01,-18.7,-28.5
Inari Raja-Jooseppi Kontiojärvi,68.47055,28.31572,2026-01-02,-24.1,-31.8
Inari Raja-Jooseppi Kontiojärvi,68.47055,28.31572,2026-01-03,-28.1,-34.5
Inari Raja-Jooseppi Kontiojärvi,68.47055,28.31572,2026-01-04,-22.7,-31.7
Inari Saariselkä Kaunispää,68.43399,27.44515,2025-12-31,-13.1,-15.3
Inari Saariselkä Kaunispää,68.43399,27.44515,2026-01-01,-13.7,-15.4
Inari Saariselkä Kaunispää,68.43399,27.44515,2026-01-02,-11.2,-14.7
Inari Saariselkä Kaunispää,68.43399,27.44515,2026-01-03,-14.1,-18.3
Inari Saariselkä Kaunispää,68.43399,27.44515,2026-01-04,-16.5,-18.8
Inari Saariselkä matkailukeskus,68.41507,27.41323,2025-12-31,-18.8,-26.5
Inari Saariselkä matkailukeskus,68.41507,27.41323,2026-01-01,-15.5,-29.3
Inari Saariselkä matkailukeskus,68.41507,27.41323,2026-01-02,-16.5,-27.0
Inari Saariselkä matkailukeskus,68.41507,27.41323,2026-01-03,-23.4,-29.6
Inari Saariselkä matkailukeskus,68.41507,27.41323,2026-01-04,-17.2,-25.7
Inari Seitalaassa,69.04853,27.757,2025-12-31,-15.0,-28.0
Inari Seitalaassa,69.04853,27.757,2026-01-01,-23.9,-33.9
Inari Seitalaassa,69.04853,27.757,2026-01-02,-29.2,-32.3
Inari Seitalaassa,69.04853,27.757,2026-01-03,-29.0,-33.5
Inari Seitalaassa,69.04853,27.757,2026-01-04,-24.3,-34.3
Inkoo Bågaskär,59.93114,24.01408,2025-12-31,-4.3,-8.8
Inkoo Bågaskär,59.93114,24.01408,2026-01-01,-3.2,-9.5
Inkoo Bågaskär,59.93114,24.01408,2026-01-02,-2.2,-4.3
Inkoo Bågaskär,59.93114,24.01408,2026-01-03,-0.7,-6.7
Inkoo Bågaskär,59.93114,24.01408,2026-01-04,-6.6,-10.9
Inkoo Jakobramsjö,59.99464,23.9956,2025-12-31,-4.9,-9.0
Inkoo Jakobramsjö,59.99464,23.9956,2026-01-01,-2.9,-9.7
Inkoo Jakobramsjö,59.99464,23.9956,2026-01-02,-2.2,-4.2
Inkoo Jakobramsjö,59.99464,23.9956,2026-01-03,-1.0,-7.2
Inkoo Jakobramsjö,59.99464,23.9956,2026-01-04,-7.0,-11.7
Joensuu Linnunlahti,62.60179,29.72713,2025-12-31,-8.4,-19.6
Joensuu Linnunlahti,62.60179,29.72713,2026-01-01,-19.5,-25.5
Joensuu Linnunlahti,62.60179,29.72713,2026-01-02,-12.3,-25.4
Joensuu Linnunlahti,62.60179,29.72713,2026-01-03,-11.3,-15.4
Joensuu Linnunlahti,62.60179,29.72713,2026-01-04,-15.4,-21.1
Jokioinen Ilmala,60.81397,23.49825,2025-12-31,-8.3,-15.8
Jokioinen Ilmala,60.81397,23.49825,2026-01-01,-10.3,-17.7
Jokioinen Ilmala,60.81397,23.49825,2026-01-02,-7.8,-11.6
Jokioinen Ilmala,60.81397,23.49825,2026-01-03,-7.7,-10.5
Jokioinen Ilmala,60.81397,23.49825,2026-01-04,-10.5,-18.4
Jomala Jomalaby,60.17824,19.98686,2025-12-31,-3.3,-11.7
Jomala Jomalaby,60.17824,19.98686,2026-01-01,-0.2,-11.3
Jomala Jomalaby,60.17824,19.98686,2026-01-02,-1.0,-5.3
Jomala Jomalaby,60.17824,19.98686,2026-01-03,-3.8,-5.2
Jomala Jomalaby,60.17824,19.98686,2026-01-04,-4.4,-8.8
Jomala Maarianhamina lentoasema,60.12735,19.90038,2025-12-31,-2.7,-15.3
Jomala Maarianhamina lentoasema,60.12735,19.90038,2026-01-01,0.1,-15.6
Jomala Maarianhamina lentoasema,60.12735,19.90038,2026-01-02,-1.0,-5.2
Jomala Maarianhamina lentoasema,60.12735,19.90038,2026-01-03,-3.4,-5.1
Jomala Maarianhamina lentoasema,60.12735,19.90038,2026-01-04,-4.3,-9.0
Joutsa Savenaho,61.87942,26.09478,2025-12-31,-11.6,-18.0
Joutsa Savenaho,61.87942,26.09478,2026-01-01,-15.2,-18.6
Joutsa Savenaho,61.87942,26.09478,2026-01-02,-11.0,-18.7
Joutsa Savenaho,61.87942,26.09478,2026-01-03,-10.4,-13.5
Joutsa Savenaho,61.87942,26.09478,2026-01-04,-13.3,-24.0
Juuka Niemelä,63.23236,29.23397,2025-12-31,-12.1,-25.0
Juuka Niemelä,63.23236,29.23397,2026-01-01,-18.6,-27.2
Juuka Niemelä,63.23236,29.23397,2026-01-02,-15.7,-28.9
Juuka Niemelä,63.23236,29.23397,2026-01-03,-11.1,-18.7
Juuka Niemelä,63.23236,29.23397,2026-01-04,-15.1,-24.8
Juupajoki Hyytiälä,61.84591,24.28696,2025-12-31,-10.2,-14.6
Juupajoki Hyytiälä,61.84591,24.28696,2026-01-01,-12.7,-18.5
Juupajoki Hyytiälä,61.84591,24.28696,2026-01-02,-11.1,-17.1
Juupajoki Hyytiälä,61.84591,24.28696,2026-01-03,-10.5,-12.9
Juupajoki Hyytiälä,61.84591,24.28696,2026-01-04,-12.8,-21.6
Juva Partala,61.8923,27.88528,2025-12-31,-10.0,-15.6
Juva Partala,61.8923,27.88528,2026-01-01,-12.4,-23.1
Juva Partala,61.8923,27.88528,2026-01-02,-10.0,-23.1
Juva Partala,61.8923,27.88528,2026-01-03,-9.5,-15.2
Juva Partala,61.8923,27.88528,2026-01-04,-14.5,-20.8
Jyväskylä lentoasema,62.39758,25.67087,2025-12-31,-11.8,-19.7
Jyväskylä lentoasema,62.39758,25.67087,2026-01-01,-13.1,-23.2
Jyväskylä lentoasema,62.39758,25.67087,2026-01-02,-12.4,-20.8
Jyväskylä lentoasema,62.39758,25.67087,2026-01-03,-11.2,-15.7
Jyväskylä lentoasema,62.39758,25.67087,2026-01-04,-15.3,-24.3
Jyväskylä lentoasema AWOS,62.39332,25.68862,2025-12-31,-11.3,-20.4
Jyväskylä lentoasema AWOS,62.39332,25.68862,2026-01-01,-13.8,-24.1
Jyväskylä lentoasema AWOS,62.39332,25.68862,2026-01-02,-12.3,-20.0
Jyväskylä lentoasema AWOS,62.39332,25.68862,2026-01-03,-11.2,-14.9
Jyväskylä lentoasema AWOS,62.39332,25.68862,2026-01-04,-14.7,-24.7
Jämsä Halli Lentoasemantie,61.85959,24.81483,2025-12-31,-10.7,-15.7
Jämsä Halli Lentoasemantie,61.85959,24.81483,2026-01-01,-12.5,-18.7
Jämsä Halli Lentoasemantie,61.85959,24.81483,2026-01-02,-11.1,-16.1
Jämsä Halli Lentoasemantie,61.85959,24.81483,2026-01-03,-10.6,-13.9
Jämsä Halli Lentoasemantie,61.85959,24.81483,2026-01-04,-12.8,-21.8
Jämsä Halli lentoasema,61.85551,24.80459,2025-12-31,-10.5,-14.7
Jämsä Halli lentoasema,61.85551,24.80459,2026-01-01,-12.5,-20.6
Jämsä Halli lentoasema,61.85551,24.80459,2026-01-02,-11.1,-16.8
Jämsä Halli lentoasema,61.85551,24.80459,2026-01-03,-10.5,-13.7
Jämsä Halli lentoasema,61.85551,24.80459,2026-01-04,-12.8,-22.2
Kaarina Yltöinen,60.3869,22.55183,2025-12-31,-6.4,-14.5
Kaarina Yltöinen,60.3869,22.55183,2026-01-01,-6.1,-16.5
Kaarina Yltöinen,60.3869,22.55183,2026-01-02,-5.2,-6.8
Kaarina Yltöinen,60.3869,22.55183,2026-01-03,-6.0,-8.1
Kaarina Yltöinen,60.3869,22.55183,2026-01-04,-8.1,-15.2
Kajaani Petäisenniska,64.21678,27.75194,2025-12-31,-16.6,-19.8
Kajaani Petäisenniska,64.21678,27.75194,2026-01-01,-18.2,-22.5
Kajaani Petäisenniska,64.21678,27.75194,2026-01-02,-20.4,-26.8
Kajaani Petäisenniska,64.21678,27.75194,2026-01-03,-15.1,-21.5
Kajaani Petäisenniska,64.21678,27.75194,2026-01-04,-18.9,-25.3
Kajaani lentoasema,64.2829,27.67114,2025-12-31,-17.9,-25.4
Kajaani lentoasema,64.2829,27.67114,2026-01-01,-18.9,-26.9
Kajaani lentoasema,64.2829,27.67114,2026-01-02,-19.9,-30.6
Kajaani lentoasema,64.2829,27.67114,2026-01-03,-15.5,-22.2
Kajaani lentoasema,64.2829,27.67114,2026-01-04,-20.2,-29.5
Kalajoki Ulkokalla,64.33073,23.44627,2025-12-31,-2.7,-4.9
Kalajoki Ulkokalla,64.33073,23.44627,2026-01-01,-4.3,-11.4
Kalajoki Ulkokalla,64.33073,23.44627,2026-01-02,-10.1,-13.4
Kalajoki Ulkokalla,64.33073,23.44627,2026-01-03,-8.8,-13.4
Kalajoki Ulkokalla,64.33073,23.44627,2026-01-04,-7.4,-11.5
Kankaanpää Niinisalo lentokenttä,61.83864,22.46368,2025-12-31,-10.2,-17.1
Kankaanpää Niinisalo lentokenttä,61.83864,22.46368,2026-01-01,-10.5,-18.3
Kankaanpää Niinisalo lentokenttä,61.83864,22.46368,2026-01-02,-10.7,-13.5
Kankaanpää Niinisalo lentokenttä,61.83864,22.46368,2026-01-03,-10.2,-11.7
Kankaanpää Niinisalo lentokenttä,61.83864,22.46368,2026-01-04,-11.7,-20.0
Karvia Alkkia,62.18329,22.79983,2025-12-31,-13.1,-18.6
Karvia Alkkia,62.18329,22.79983,2026-01-01,-12.8,-21.3
Karvia Alkkia,62.18329,22.79983,2026-01-02,-11.6,-17.4
Karvia Alkkia,62.18329,22.79983,2026-01-03,-11.5,-12.5
Karvia Alkkia,62.18329,22.79983,2026-01-04,-12.4,-23.3
Kaskinen Sälgrund,62.33382,21.19081,2025-12-31,-2.9,-6.0
Kaskinen Sälgrund,62.33382,21.19081,2026-01-01,-5.0,-9.9
Kaskinen Sälgrund,62.33382,21.19081,2026-01-02,-9.7,-13.1
Kaskinen Sälgrund,62.33382,21.19081,2026-01-03,-10.1,-13.4
Kaskinen Sälgrund,62.33382,21.19081,2026-01-04,-10.7,-17.3
Kauhajoki Kuja-Kokko,62.41345,22.18372,2025-12-31,-11.1,-16.2
Kauhajoki Kuja-Kokko,62.41345,22.18372,2026-01-01,-10.5,-17.1
Kauhajoki Kuja-Kokko,62.41345,22.18372,2026-01-02,-11.2,-16.9
Kauhajoki Kuja-Kokko,62.41345,22.18372,2026-01-03,-11.4,-14.7
Kauhajoki Kuja-Kokko,62.41345,22.18372,2026-01-04,-13.8,-23.2
Kauhava lentokenttä,63.12033,23.04364,2025-12-31,-11.5,-20.4
Kauhava lentokenttä,63.12033,23.04364,2026-01-01,-16.1,-20.9
Kauhava lentokenttä,63.12033,23.04364,2026-01-02,-13.0,-19.6
Kauhava lentokenttä,63.12033,23.04364,2026-01-03,-12.3,-16.9
Kauhava lentokenttä,63.12033,23.04364,2026-01-04,-16.6,-23.8
Kemi Ajos,65.67318,24.51519,2025-12-31,-12.3,-17.8
Kemi Ajos,65.67318,24.51519,2026-01-01,-15.8,-19.9
Kemi Ajos,65.67318,24.51519,2026-01-02,-15.3,-19.3
Kemi Ajos,65.67318,24.51519,2026-01-03,-19.0,-22.1
Kemi Ajos,65.67318,24.51519,2026-01-04,-18.9,-23.5
Kemi I majakka,65.38508,24.09568,2025-12-31,-6.1,-10.8
Kemi I majakka,65.38508,24.09568,2026-01-01,-9.9,-13.1
Kemi I majakka,65.38508,24.09568,2026-01-02,-9.8,-14.2
Kemi I majakka,65.38508,24.09568,2026-01-03,-12.5,-15.8
Kemi I majakka,65.38508,24.09568,2026-01-04,-12.7,-16.1
Kemi Kemi-Tornio lentoasema,65.78944,24.58278,2025-12-31,-18.0,-23.4
Kemi Kemi-Tornio lentoasema,65.78944,24.58278,2026-01-01,-16.7,-22.3
Kemi Kemi-Tornio lentoasema,65.78944,24.58278,2026-01-02,-16.9,-22.7
Kemi Kemi-Tornio lentoasema,65.78944,24.58278,2026-01-03,-21.4,-24.9
Kemi Kemi-Tornio lentoasema,65.78944,24.58278,2026-01-04,-20.0,-26.2
Kemijärvi lentokenttä,66.71556,27.15906,2025-12-31,-15.6,-28.1
Kemijärvi lentokenttä,66.71556,27.15906,2026-01-01,-15.7,-30.0
Kemijärvi lentokenttä,66.71556,27.15906,2026-01-02,-15.4,-30.8
Kemijärvi lentokenttä,66.71556,27.15906,2026-01-03,-23.4,-33.4
Kemijärvi lentokenttä,66.71556,27.15906,2026-01-04,-21.1,-33.1
Kemiönsaari Kemiö,60.17123,22.75768,2025-12-31,-6.2,-14.6
Kemiönsaari Kemiö,60.17123,22.75768,2026-01-01,-4.1,-16.7
Kemiönsaari Kemiö,60.17123,22.75768,2026-01-02,-3.5,-5.7
Kemiönsaari Kemiö,60.17123,22.75768,2026-01-03,-4.7,-7.4
Kemiönsaari Kemiö,60.17123,22.75768,2026-01-04,-7.4,-13.3
Kemiönsaari Vänö,59.86949,22.19343,2025-12-31,-3.3,-5.3
Kemiönsaari Vänö,59.86949,22.19343,2026-01-01,-0.7,-7.7
Kemiönsaari Vänö,59.86949,22.19343,2026-01-02,-1.1,-3.2
Kemiönsaari Vänö,59.86949,22.19343,2026-01-03,-0.8,-5.3
Kemiönsaari Vänö,59.86949,22.19343,2026-01-04,-5.3,-10.5
Kirkkonummi Mäkiluoto,59.91982,24.35023,2025-12-31,-4.9,-7.6
Kirkkonummi Mäkiluoto,59.91982,24.35023,2026-01-01,-3.2,-9.4
Kirkkonummi Mäkiluoto,59.91982,24.35023,2026-01-02,-2.1,-4.2
Kirkkonummi Mäkiluoto,59.91982,24.35023,2026-01-03,-0.6,-6.4
Kirkkonummi Mäkiluoto,59.91982,24.35023,2026-01-04,-6.3,-12.0
Kittilä Kenttärova,67.98721,24.24301,2025-12-31,-14.4,-19.6
Kittilä Kenttärova,67.98721,24.24301,2026-01-01,-18.9,-23.8
Kittilä Kenttärova,67.98721,24.24301,2026-01-02,-16.8,-23.8
Kittilä Kenttärova,67.98721,24.24301,2026-01-03,-18.8,-25.5
Kittilä Kenttärova,67.98721,24.24301,2026-01-04,-20.4,-26.3
Kittilä Lompolonvuoma,67.99746,24.20955,2025-12-31,-21.7,-31.8
Kittilä Lompolonvuoma,67.99746,24.20955,2026-01-01,-19.3,-34.1
Kittilä Lompolonvuoma,67.99746,24.20955,2026-01-02,-17.0,-32.7
Kittilä Lompolonvuoma,67.99746,24.20955,2026-01-03,-22.5,-34.2
Kittilä Lompolonvuoma,67.99746,24.20955,2026-01-04,-21.4,-34.2
Kittilä Matorova,67.99996,24.24016,2025-12-31,-12.3,-18.5
Kittilä Matorova,67.99996,24.24016,2026-01-01,-17.5,-24.5
Kittilä Matorova,67.99996,24.24016,2026-01-02,-15.2,-23.8
Kittilä Matorova,67.99996,24.24016,2026-01-03,-17.6,-28.7
Kittilä Matorova,67.99996,24.24016,2026-01-04,-20.8,-26.8
Kittilä Pakatti,67.66924,24.92927,2025-12-31,-23.0,-33.0
Kittilä Pakatti,67.66924,24.92927,2026-01-01,-17.3,-35.1
Kittilä Pakatti,67.66924,24.92927,2026-01-02,-15.8,-29.9
Kittilä Pakatti,67.66924,24.92927,2026-01-03,-19.6,-32.5
Kittilä Pakatti,67.66924,24.92927,2026-01-04,-20.6,-24.3
Kittilä Pokka,68.16961,25.78316,2025-12-31,-16.9,-30.2
Kittilä Pokka,68.16961,25.78316,2026-01-01,-20.7,-34.4
Kittilä Pokka,68.16961,25.78316,2026-01-02,-17.5,-29.8
Kittilä Pokka,68.16961,25.78316,2026-01-03,-22.0,-31.0
Kittilä Pokka,68.16961,25.78316,2026-01-04,-18.8,-21.9
Kittilä lentoasema,67.69168,24.85538,2025-12-31,-19.0,-32.0
Kittilä lentoasema,67.69168,24.85538,2026-01-01,-17.1,-36.0
Kittilä lentoasema,67.69168,24.85538,2026-01-02,-15.5,-31.7
Kittilä lentoasema,67.69168,24.85538,2026-01-03,-19.7,-35.8
Kittilä lentoasema,67.69168,24.85538,2026-01-04,-20.6,-24.7
Kokemäki Tulkkila,61.25294,22.34613,2025-12-31,-7.1,-14.6
Kokemäki Tulkkila,61.25294,22.34613,2026-01-01,-9.5,-14.9
Kokemäki Tulkkila,61.25294,22.34613,2026-01-02,-8.7,-10.0
Kokemäki Tulkkila,61.25294,22.34613,2026-01-03,-8.3,-9.8
Kokemäki Tulkkila,61.25294,22.34613,2026-01-04,-9.8,-18.1
Kokkola Santahaka,63.83882,23.09715,2025-12-31,-4.4,-12.3
Kokkola Santahaka,63.83882,23.09715,2026-01-01,-8.0,-19.2
Kokkola Santahaka,63.83882,23.09715,2026-01-02,-16.1,-19.6
Kokkola Santahaka,63.83882,23.09715,2026-01-03,-13.1,-18.6
Kokkola Santahaka,63.83882,23.09715,2026-01-04,-15.0,-21.7
Kokkola Tankar,63.95114,22.84537,2025-12-31,-2.4,-5.3
Kokkola Tankar,63.95114,22.84537,2026-01-01,-4.1,-12.5
Kokkola Tankar,63.95114,22.84537,2026-01-02,-8.1,-14.2
Kokkola Tankar,63.95114,22.84537,2026-01-03,-8.4,-13.2
Kokkola Tankar,63.95114,22.84537,2026-01-04,-6.8,-13.2
Korsnäs Bredskäret,62.93488,21.18485,2025-12-31,-3.7,-7.3
Korsnäs Bredskäret,62.93488,21.18485,2026-01-01,-6.8,-11.7
Korsnäs Bredskäret,62.93488,21.18485,2026-01-02,-8.5,-14.6
Korsnäs Bredskäret,62.93488,21.18485,2026-01-03,-8.3,-14.6
Korsnäs Bredskäret,62.93488,21.18485,2026-01-04,-10.9,-14.5
Kotka Haapasaari,60.28676,27.18482,2025-12-31,-3.3,-8.5
Kotka Haapasaari,60.28676,27.18482,2026-01-01,-4.5,-9.0
Kotka Haapasaari,60.28676,27.18482,2026-01-02,-4.3,-6.3
Kotka Haapasaari,60.28676,27.18482,2026-01-03,-4.2,-7.2
Kotka Haapasaari,60.28676,27.18482,2026-01-04,-7.0,-11.0
Kotka Rankki,60.37538,26.95893,2025-12-31,-4.2,-10.2
Kotka Rankki,60.37538,26.95893,2026-01-01,-5.4,-10.5
Kotka Rankki,60.37538,26.95893,2026-01-02,-4.1,-6.1
Kotka Rankki,60.37538,26.95893,2026-01-03,-4.0,-8.0
Kotka Rankki,60.37538,26.95893,2026-01-04,-7.7,-12.1
Kouvola Anjala,60.6965,26.81106,2025-12-31,-6.4,-14.9
Kouvola Anjala,60.6965,26.81106,2026-01-01,-14.1,-20.3
Kouvola Anjala,60.6965,26.81106,2026-01-02,-8.3,-15.0
Kouvola Anjala,60.6965,26.81106,2026-01-03,-6.8,-10.5
Kouvola Anjala,60.6965,26.81106,2026-01-04,-10.3,-16.3
Kouvola Utti Lentoportintie,60.88909,26.92929,2025-12-31,-8.0,-13.4
Kouvola Utti Lentoportintie,60.88909,26.92929,2026-01-01,-12.2,-19.0
Kouvola Utti Lentoportintie,60.88909,26.92929,2026-01-02,-9.5,-16.7
Kouvola Utti Lentoportintie,60.88909,26.92929,2026-01-03,-7.9,-11.8
Kouvola Utti Lentoportintie,60.88909,26.92929,2026-01-04,-11.6,-18.2
Kouvola Utti lentoasema,60.89839,26.94882,2025-12-31,-7.9,-12.9
Kouvola Utti lentoasema,60.89839,26.94882,2026-01-01,-11.7,-19.0
Kouvola Utti lentoasema,60.89839,26.94882,2026-01-02,-9.4,-16.8
Kouvola Utti lentoasema,60.89839,26.94882,2026-01-03,-7.9,-11.9
Kouvola Utti lentoasema,60.89839,26.94882,2026-01-04,-11.7,-18.0
Kruunupyy Kokkola-Pietarsaari lentoasema,63.72655,23.14359,2025-12-31,-8.6,-17.4
Kruunupyy Kokkola-Pietarsaari lentoasema,63.72655,23.14359,2026-01-01,-12.4,-20.7
Kruunupyy Kokkola-Pietarsaari lentoasema,63.72655,23.14359,2026-01-02,-17.1,-20.8
Kruunupyy Kokkola-Pietarsaari lentoasema,63.72655,23.14359,2026-01-03,-13.7,-19.2
Kruunupyy Kokkola-Pietarsaari lentoasema,63.72655,23.14359,2026-01-04,-16.1,-24.0
Kuhmo Kalliojoki,64.29756,30.17068,2025-12-31,-17.3,-28.7
Kuhmo Kalliojoki,64.29756,30.17068,2026-01-01,-13.6,-28.7
Kuhmo Kalliojoki,64.29756,30.17068,2026-01-02,-22.3,-31.3
Kuhmo Kalliojoki,64.29756,30.17068,2026-01-03,-17.9,-25.6
Kuhmo Kalliojoki,64.29756,30.17068,2026-01-04,-15.7,-24.2
Kumlinge kirkonkylä,60.25823,20.74698,2025-12-31,-2.3,-5.5
Kumlinge kirkonkylä,60.25823,20.74698,2026-01-01,-0.3,-5.4
Kumlinge kirkonkylä,60.25823,20.74698,2026-01-02,-1.3,-5.7
Kumlinge kirkonkylä,60.25823,20.74698,2026-01-03,-4.3,-6.0
Kumlinge kirkonkylä,60.25823,20.74698,2026-01-04,-5.8,-11.7
Kuopio Maaninka,63.14343,27.31317,2025-12-31,-13.5,-21.8
Kuopio Maaninka,63.14343,27.31317,2026-01-01,-14.6,-24.8
Kuopio Maaninka,63.14343,27.31317,2026-01-02,-14.2,-28.1
Kuopio Maaninka,63.14343,27.31317,2026-01-03,-11.2,-16.8
Kuopio Maaninka,63.14343,27.31317,2026-01-04,-16.4,-24.5
Kuopio Ritoniemi,62.79892,27.90495,2025-12-31,-10.3,-14.4
Kuopio Ritoniemi,62.79892,27.90495,2026-01-01,-14.0,-20.2
Kuopio Ritoniemi,62.79892,27.90495,2026-01-02,-12.5,-21.6
Kuopio Ritoniemi,62.79892,27.90495,2026-01-03,-11.2,-14.8
Kuopio Ritoniemi,62.79892,27.90495,2026-01-04,-14.8,-22.6
Kuopio Savilahti,62.89256,27.63331,2025-12-31,-12.2,-15.7
Kuopio Savilahti,62.89256,27.63331,2026-01-01,-14.9,-20.9
Kuopio Savilahti,62.89256,27.63331,2026-01-02,-13.3,-22.6
Kuopio Savilahti,62.89256,27.63331,2026-01-03,-11.0,-14.8
Kuopio Savilahti,62.89256,27.63331,2026-01-04,-14.8,-22.3
Kustavi Isokari,60.7222,21.02681,2025-12-31,-2.1,-5.5
Kustavi Isokari,60.7222,21.02681,2026-01-01,-3.3,-4.5
Kustavi Isokari,60.7222,21.02681,2026-01-02,-4.2,-7.4
Kustavi Isokari,60.7222,21.02681,2026-01-03,-5.1,-7.3
Kustavi Isokari,60.7222,21.02681,2026-01-04,-6.8,-13.1
Kuusamo Juuma,66.32027,29.39967,2025-12-31,-13.9,-17.2
Kuusamo Juuma,66.32027,29.39967,2026-01-01,-13.6,-17.5
Kuusamo Juuma,66.32027,29.39967,2026-01-02,-13.0,-24.4
Kuusamo Juuma,66.32027,29.39967,2026-01-03,-17.4,-25.5
Kuusamo Juuma,66.32027,29.39967,2026-01-04,-16.2,-27.4
Kuusamo Kiutaköngäs,66.36999,29.31188,2025-12-31,-13.0,-22.8
Kuusamo Kiutaköngäs,66.36999,29.31188,2026-01-01,-16.3,-23.2
Kuusamo Kiutaköngäs,66.36999,29.31188,2026-01-02,-23.2,-33.2
Kuusamo Kiutaköngäs,66.36999,29.31188,2026-01-03,-25.7,-33.9
Kuusamo Kiutaköngäs,66.36999,29.31188,2026-01-04,-22.9,-33.1
Kuusamo Rukatunturi,66.16614,29.15177,2025-12-31,-14.0,-17.4
Kuusamo Rukatunturi,66.16614,29.15177,2026-01-01,-11.8,-14.3
Kuusamo Rukatunturi,66.16614,29.15177,2026-01-02,-13.3,-16.4
Kuusamo Rukatunturi,66.16614,29.15177,2026-01-03,-15.4,-18.3
Kuusamo Rukatunturi,66.16614,29.15177,2026-01-04,-15.0,-19.2
Kuusamo Välikangas,65.9981,29.22527,2025-12-31,-13.5,-17.4
Kuusamo Välikangas,65.9981,29.22527,2026-01-01,-10.6,-20.4
Kuusamo Välikangas,65.9981,29.22527,2026-01-02,-15.5,-26.5
Kuusamo Välikangas,65.9981,29.22527,2026-01-03,-18.8,-29.3
Kuusamo Välikangas,65.9981,29.22527,2026-01-04,-17.9,-28.1
Kuusamo lentoasema,65.99334,29.22715,2025-12-31,-13.4,-17.2
Kuusamo lentoasema,65.99334,29.22715,2026-01-01,-10.3,-21.2
Kuusamo lentoasema,65.99334,29.22715,2026-01-02,-13.5,-26.9
Kuusamo lentoasema,65.99334,29.22715,2026-01-03,-18.4,-29.7
Kuusamo lentoasema,65.99334,29.22715,2026-01-04,-16.6,-28.0
Lahti Sopenkorpi,60.97465,25.6202,2025-12-31,-7.3,-12.4
Lahti Sopenkorpi,60.97465,25.6202,2026-01-01,-10.8,-19.2
Lahti Sopenkorpi,60.97465,25.6202,2026-01-02,-9.2,-14.3
Lahti Sopenkorpi,60.97465,25.6202,2026-01-03,-7.9,-11.7
Lahti Sopenkorpi,60.97465,25.6202,2026-01-04,-11.7,-17.6
Lappeenranta Hiekkapakka,61.1982,28.47308,2025-12-31,-4.8,-10.9
Lappeenranta Hiekkapakka,61.1982,28.47308,2026-01-01,-9.1,-18.3
Lappeenranta Hiekkapakka,61.1982,28.47308,2026-01-02,-8.9,-15.7
Lappeenranta Hiekkapakka,61.1982,28.47308,2026-01-03,-7.1,-12.0
Lappeenranta Hiekkapakka,61.1982,28.47308,2026-01-04,-11.7,-17.4
Lappeenranta Konnunsuo,61.03879,28.56395,2025-12-31,-5.0,-13.7
Lappeenranta Konnunsuo,61.03879,28.56395,2026-01-01,-10.0,-24.6
Lappeenranta Konnunsuo,61.03879,28.56395,2026-01-02,-9.1,-19.8
Lappeenranta Konnunsuo,61.03879,28.56395,2026-01-03,-7.0,-12.0
Lappeenranta Konnunsuo,61.03879,28.56395,2026-01-04,-11.5,-17.9
Lappeenranta lentoasema,61.0403,28.12916,2025-12-31,-6.2,-13.4
Lappeenranta lentoasema,61.0403,28.12916,2026-01-01,-11.6,-20.5
Lappeenranta lentoasema,61.0403,28.12916,2026-01-02,-9.6,-16.4
Lappeenranta lentoasema,61.0403,28.12916,2026-01-03,-7.7,-12.1
Lappeenranta lentoasema,61.0403,28.12916,2026-01-04,-12.1,-17.1
Lemland Nyhamn,59.95911,19.95374,2025-12-31,-0.4,-4.8
Lemland Nyhamn,59.95911,19.95374,2026-01-01,2.1,-3.6
Lemland Nyhamn,59.95911,19.95374,2026-01-02,0.0,-3.0
Lemland Nyhamn,59.95911,19.95374,2026-01-03,-1.3,-3.4
Lemland Nyhamn,59.95911,19.95374,2026-01-04,-2.6,-7.6
Lieksa Lampela,63.32108,30.04578,2025-12-31,-10.5,-24.9
Lieksa Lampela,63.32108,30.04578,2026-01-01,-17.4,-24.9
Lieksa Lampela,63.32108,30.04578,2026-01-02,-17.0,-25.3
Lieksa Lampela,63.32108,30.04578,2026-01-03,-11.2,-18.7
Lieksa Lampela,63.32108,30.04578,2026-01-04,-16.6,-20.4
Liperi Joensuu lentoasema,62.65695,29.63608,2025-12-31,-9.3,-21.6
Liperi Joensuu lentoasema,62.65695,29.63608,2026-01-01,-20.2,-26.5
Liperi Joensuu lentoasema,62.65695,29.63608,2026-01-02,-12.7,-26.6
Liperi Joensuu lentoasema,62.65695,29.63608,2026-01-03,-11.6,-15.7
Liperi Joensuu lentoasema,62.65695,29.63608,2026-01-04,-15.7,-20.7
Liperi Tuiskavanluoto,62.54601,29.66818,2025-12-31,-7.9,-18.6
Liperi Tuiskavanluoto,62.54601,29.66818,2026-01-01,-17.7,-22.9
Liperi Tuiskavanluoto,62.54601,29.66818,2026-01-02,-11.1,-22.9
Liperi Tuiskavanluoto,62.54601,29.66818,2026-01-03,-10.7,-15.0
Liperi Tuiskavanluoto,62.54601,29.66818,2026-01-04,-14.7,-18.8
Lohja Porla,60.24446,24.04951,2025-12-31,-6.1,-10.6
Lohja Porla,60.24446,24.04951,2026-01-01,-8.0,-12.1
Lohja Porla,60.24446,24.04951,2026-01-02,-4.3,-8.0
Lohja Porla,60.24446,24.04951,2026-01-03,-5.4,-8.6
Lohja Porla,60.24446,24.04951,2026-01-04,-8.5,-13.5
Loviisa Orrengrund,60.27476,26.44759,2025-12-31,-4.3,-8.3
Loviisa Orrengrund,60.27476,26.44759,2026-01-01,-4.1,-8.2
Loviisa Orrengrund,60.27476,26.44759,2026-01-02,-3.5,-5.1
Loviisa Orrengrund,60.27476,26.44759,2026-01-03,-3.6,-7.3
Loviisa Orrengrund,60.27476,26.44759,2026-01-04,-6.7,-11.6
Luhanka Judinsalo,61.70448,25.50529,2025-12-31,-6.7,-10.2
Luhanka Judinsalo,61.70448,25.50529,2026-01-01,-8.7,-15.2
Luhanka Judinsalo,61.70448,25.50529,2026-01-02,-10.3,-15.8
Luhanka Judinsalo,61.70448,25.50529,2026-01-03,-9.5,-12.5
Luhanka Judinsalo,61.70448,25.50529,2026-01-04,-12.1,-17.0
Lumparland Långnäs satama,60.11584,20.29765,2025-12-31,-2.6,-8.8
Lumparland Långnäs satama,60.11584,20.29765,2026-01-01,-0.1,-6.6
Lumparland Långnäs satama,60.11584,20.29765,2026-01-02,-0.9,-4.1
Lumparland Långnäs satama,60.11584,20.29765,2026-01-03,-2.2,-4.1
Lumparland Långnäs satama,60.11584,20.29765,2026-01-04,-4.0,-8.5
Maalahti Strömmingsbådan,62.97839,20.74008,2025-12-31,-2.2,-4.9
Maalahti Strömmingsbådan,62.97839,20.74008,2026-01-01,-3.8,-8.2
Maalahti Strömmingsbådan,62.97839,20.74008,2026-01-02,-4.7,-10.2
Maalahti Strömmingsbådan,62.97839,20.74008,2026-01-03,-4.6,-9.3
Maalahti Strömmingsbådan,62.97839,20.74008,2026-01-04,-5.8,-9.2
Maarianhamina Länsisatama,60.09136,19.9291,2025-12-31,-2.7,-8.7
Maarianhamina Länsisatama,60.09136,19.9291,2026-01-01,0.2,-9.3
Maarianhamina Länsisatama,60.09136,19.9291,2026-01-02,-1.1,-4.6
Maarianhamina Länsisatama,60.09136,19.9291,2026-01-03,-2.8,-4.7
Maarianhamina Länsisatama,60.09136,19.9291,2026-01-04,-3.7,-8.3
Mikkeli Lentoasema AWOS,61.68751,27.20671,2025-12-31,-10.6,-16.0
Mikkeli Lentoasema AWOS,61.68751,27.20671,2026-01-01,-12.4,-22.2
Mikkeli Lentoasema AWOS,61.68751,27.20671,2026-01-02,-9.5,-18.6
Mikkeli Lentoasema AWOS,61.68751,27.20671,2026-01-03,-8.9,-13.3
Mikkeli Lentoasema AWOS,61.68751,27.20671,2026-01-04,-13.4,-20.0
Mikkeli lentoasema,61.6886,27.20219,2025-12-31,-11.1,-17.2
Mikkeli lentoasema,61.6886,27.20219,2026-01-01,-12.4,-21.8
Mikkeli lentoasema,61.6886,27.20219,2026-01-02,-9.6,-19.6
Mikkeli lentoasema,61.6886,27.20219,2026-01-03,-9.0,-13.4
Mikkeli lentoasema,61.6886,27.20219,2026-01-04,-13.4,-21.0
Multia Karhila,62.51044,24.80764,2025-12-31,-12.4,-16.7
Multia Karhila,62.51044,24.80764,2026-01-01,-14.5,-20.2
Multia Karhila,62.51044,24.80764,2026-01-02,-13.7,-19.7
Multia Karhila,62.51044,24.80764,2026-01-03,-12.7,-14.6
Multia Karhila,62.51044,24.80764,2026-01-04,-14.6,-21.5
Muonio Laukukero,68.06284,24.03335,2025-12-31,-13.3,-15.2
Muonio Laukukero,68.06284,24.03335,2026-01-01,-13.9,-16.5
Muonio Laukukero,68.06284,24.03335,2026-01-02,-13.2,-15.8
Muonio Laukukero,68.06284,24.03335,2026-01-03,-13.3,-17.9
Muonio Laukukero,68.06284,24.03335,2026-01-04,-12.3,-16.0
Muonio Oustajärvi,67.94823,23.70782,2025-12-31,-27.3,-35.1
Muonio Oustajärvi,67.94823,23.70782,2026-01-01,-25.9,-37.5
Muonio Oustajärvi,67.94823,23.70782,2026-01-02,-21.2,-33.0
Muonio Oustajärvi,67.94823,23.70782,2026-01-03,-16.3,-33.2
Muonio Oustajärvi,67.94823,23.70782,2026-01-04,-22.8,-37.6
Muonio Sammaltunturi,67.97328,24.11559,2025-12-31,-11.8,-14.2
Muonio Sammaltunturi,67.97328,24.11559,2026-01-01,-13.1,-16.7
Muonio Sammaltunturi,67.97328,24.11559,2026-01-02,-11.6,-16.4
Muonio Sammaltunturi,67.97328,24.11559,2026-01-03,-14.3,-19.2
Muonio Sammaltunturi,67.97328,24.11559,2026-01-04,-14.3,-20.3
Mustasaari Valassaaret,63.43508,21.06856,2025-12-31,-3.6,-7.6
Mustasaari Valassaaret,63.43508,21.06856,2026-01-01,-5.7,-8.4
Mustasaari Valassaaret,63.43508,21.06856,2026-01-02,-5.5,-9.1
Mustasaari Valassaaret,63.43508,21.06856,2026-01-03,-5.3,-7.7
Mustasaari Valassaaret,63.43508,21.06856,2026-01-04,-4.8,-8.4
Mäntsälä Hirvihaara,60.62773,25.19342,2025-12-31,-8.8,-16.2
Mäntsälä Hirvihaara,60.62773,25.19342,2026-01-01,-13.7,-20.7
Mäntsälä Hirvihaara,60.62773,25.19342,2026-01-02,-8.1,-14.4
Mäntsälä Hirvihaara,60.62773,25.19342,2026-01-03,-7.5,-11.0
Mäntsälä Hirvihaara,60.62773,25.19342,2026-01-04,-10.8,-16.6
Nurmes Valtimo,63.6673,28.82927,2025-12-31,-14.1,-23.2
Nurmes Valtimo,63.6673,28.82927,2026-01-01,-18.2,-25.3
Nurmes Valtimo,63.6673,28.82927,2026-01-02,-19.2,-27.8
Nurmes Valtimo,63.6673,28.82927,2026-01-03,-12.0,-19.9
Nurmes Valtimo,63.6673,28.82927,2026-01-04,-15.6,-23.5
Nurmijärvi Röykkä,60.50872,24.65375,2025-12-31,-7.8,-13.1
Nurmijärvi Röykkä,60.50872,24.65375,2026-01-01,-11.4,-15.5
Nurmijärvi Röykkä,60.50872,24.65375,2026-01-02,-7.3,-12.5
Nurmijärvi Röykkä,60.50872,24.65375,2026-01-03,-7.6,-10.8
Nurmijärvi Röykkä,60.50872,24.65375,2026-01-04,-10.4,-15.8
Oulu Kaukovainio,64.99685,25.52233,2025-12-31,-12.8,-18.8
Oulu Kaukovainio,64.99685,25.52233,2026-01-01,-15.6,-20.6
Oulu Kaukovainio,64.99685,25.52233,2026-01-02,-18.7,-22.2
Oulu Kaukovainio,64.99685,25.52233,2026-01-03,-17.9,-20.4
Oulu Kaukovainio,64.99685,25.52233,2026-01-04,-18.6,-23.0
Oulu Vihreäsaari satama,65.00637,25.39325,2025-12-31,-10.9,-15.7
Oulu Vihreäsaari satama,65.00637,25.39325,2026-01-01,-14.6,-17.0
Oulu Vihreäsaari satama,65.00637,25.39325,2026-01-02,-15.1,-19.5
Oulu Vihreäsaari satama,65.00637,25.39325,2026-01-03,-16.9,-19.1
Oulu Vihreäsaari satama,65.00637,25.39325,2026-01-04,-16.5,-21.8
Oulu lentoasema,64.93503,25.3392,2025-12-31,-11.4,-19.6
Oulu lentoasema,64.93503,25.3392,2026-01-01,-14.7,-21.2
Oulu lentoasema,64.93503,25.3392,2026-01-02,-18.0,-22.1
Oulu lentoasema,64.93503,25.3392,2026-01-03,-17.5,-22.6
Oulu lentoasema,64.93503,25.3392,2026-01-04,-18.4,-25.1
Parainen Fagerholm,60.11163,21.69828,2025-12-31,-3.0,-5.5
Parainen Fagerholm,60.11163,21.69828,2026-01-01,-0.8,-6.3
Parainen Fagerholm,60.11163,21.69828,2026-01-02,-2.1,-4.4
Parainen Fagerholm,60.11163,21.69828,2026-01-03,-3.3,-5.9
Parainen Fagerholm,60.11163,21.69828,2026-01-04,-5.4,-11.5
Parainen Utö,59.77909,21.37479,2025-12-31,-2.2,-5.0
Parainen Utö,59.77909,21.37479,2026-01-01,0.4,-5.5
Parainen Utö,59.77909,21.37479,2026-01-02,-0.1,-2.0
Parainen Utö,59.77909,21.37479,2026-01-03,0.8,-3.0
Parainen Utö,59.77909,21.37479,2026-01-04,-2.7,-7.6
Parikkala Koitsanlahti,61.44467,29.46108,2025-12-31,-5.8,-13.7
Parikkala Koitsanlahti,61.44467,29.46108,2026-01-01,-13.1,-22.7
Parikkala Koitsanlahti,61.44467,29.46108,2026-01-02,-8.2,-23.5
Parikkala Koitsanlahti,61.44467,29.46108,2026-01-03,-7.2,-13.7
Parikkala Koitsanlahti,61.44467,29.46108,2026-01-04,-13.4,-19.6
Pelkosenniemi Pyhätunturi,67.02191,27.21827,2025-12-31,-13.4,-17.5
Pelkosenniemi Pyhätunturi,67.02191,27.21827,2026-01-01,-11.6,-14.7
Pelkosenniemi Pyhätunturi,67.02191,27.21827,2026-01-02,-12.3,-15.1
Pelkosenniemi Pyhätunturi,67.02191,27.21827,2026-01-03,-14.4,-17.5
Pelkosenniemi Pyhätunturi,67.02191,27.21827,2026-01-04,-14.0,-17.7
Pello kirkonkylä,66.77278,23.96303,2025-12-31,-22.4,-29.1
Pello kirkonkylä,66.77278,23.96303,2026-01-01,-20.5,-30.3
Pello kirkonkylä,66.77278,23.96303,2026-01-02,-18.8,-28.4
Pello kirkonkylä,66.77278,23.96303,2026-01-03,-27.4,-32.4
Pello kirkonkylä,66.77278,23.96303,2026-01-04,-23.2,-32.6
Pietarsaari Kallan,63.75144,22.52282,2025-12-31,-2.4,-6.0
Pietarsaari Kallan,63.75144,22.52282,2026-01-01,-3.9,-15.2
Pietarsaari Kallan,63.75144,22.52282,2026-01-02,-9.9,-16.7
Pietarsaari Kallan,63.75144,22.52282,2026-01-03,-9.9,-16.4
Pietarsaari Kallan,63.75144,22.52282,2026-01-04,-9.0,-14.2
Pirkkala Tampere-Pirkkala lentoasema,61.4194,23.62256,2025-12-31,-8.3,-16.9
Pirkkala Tampere-Pirkkala lentoasema,61.4194,23.62256,2026-01-01,-10.7,-18.3
Pirkkala Tampere-Pirkkala lentoasema,61.4194,23.62256,2026-01-02,-9.9,-13.0
Pirkkala Tampere-Pirkkala lentoasema,61.4194,23.62256,2026-01-03,-9.3,-12.1
Pirkkala Tampere-Pirkkala lentoasema,61.4194,23.62256,2026-01-04,-12.1,-18.1
Pori Isomäki,61.46815,21.77536,2025-12-31,-8.1,-15.9
Pori Isomäki,61.46815,21.77536,2026-01-01,-8.7,-17.1
Pori Isomäki,61.46815,21.77536,2026-01-02,-9.0,-10.6
Pori Isomäki,61.46815,21.77536,2026-01-03,-8.1,-9.8
Pori Isomäki,61.46815,21.77536,2026-01-04,-9.7,-18.0
Pori Tahkoluoto satama,61.63042,21.3762,2025-12-31,-2.7,-8.1
Pori Tahkoluoto satama,61.63042,21.3762,2026-01-01,-5.3,-9.0
Pori Tahkoluoto satama,61.63042,21.3762,2026-01-02,-8.6,-10.7
Pori Tahkoluoto satama,61.63042,21.3762,2026-01-03,-8.6,-9.8
Pori Tahkoluoto satama,61.63042,21.3762,2026-01-04,-9.2,-16.7
Pori lentoasema,61.46011,21.80839,2025-12-31,-7.1,-14.7
Pori lentoasema,61.46011,21.80839,2026-01-01,-8.5,-16.0
Pori lentoasema,61.46011,21.80839,2026-01-02,-9.0,-10.6
Pori lentoasema,61.46011,21.80839,2026-01-03,-8.1,-9.7
Pori lentoasema,61.46011,21.80839,2026-01-04,-9.7,-17.9
Porvoo Emäsalo,60.20382,25.62546,2025-12-31,-5.8,-10.5
Porvoo Emäsalo,60.20382,25.62546,2026-01-01,-3.9,-11.8
Porvoo Emäsalo,60.20382,25.62546,2026-01-02,-2.9,-4.6
Porvoo Emäsalo,60.20382,25.62546,2026-01-03,-2.9,-9.0
Porvoo Emäsalo,60.20382,25.62546,2026-01-04,-8.9,-13.8
Porvoo Harabacka,60.39172,25.6073,2025-12-31,-6.4,-13.4
Porvoo Harabacka,60.39172,25.6073,2026-01-01,-11.6,-19.0
Porvoo Harabacka,60.39172,25.6073,2026-01-02,-4.7,-12.4
Porvoo Harabacka,60.39172,25.6073,2026-01-03,-5.9,-9.9
Porvoo Harabacka,60.39172,25.6073,2026-01-04,-9.7,-14.9
Porvoo Kalbådagrund,59.98568,25.59879,2025-12-31,-4.2,-7.4
Porvoo Kalbådagrund,59.98568,25.59879,2026-01-01,-4.3,-6.9
Porvoo Kalbådagrund,59.98568,25.59879,2026-01-02,-3.1,-5.6
Porvoo Kalbådagrund,59.98568,25.59879,2026-01-03,-2.4,-6.1
Porvoo Kalbådagrund,59.98568,25.59879,2026-01-04,-5.4,-10.8
Porvoo Kilpilahti satama,60.30373,25.54916,2025-12-31,-5.7,-11.7
Porvoo Kilpilahti satama,60.30373,25.54916,2026-01-01,-8.0,-15.2
Porvoo Kilpilahti satama,60.30373,25.54916,2026-01-02,-3.2,-9.3
Porvoo Kilpilahti satama,60.30373,25.54916,2026-01-03,-3.0,-8.9
Porvoo Kilpilahti satama,60.30373,25.54916,2026-01-04,-8.5,-14.2
Pudasjärvi lentokenttä,65.40014,26.96311,2025-12-31,-18.7,-29.7
Pudasjärvi lentokenttä,65.40014,26.96311,2026-01-01,-15.1,-24.9
Pudasjärvi lentokenttä,65.40014,26.96311,2026-01-02,-15.6,-29.4
Pudasjärvi lentokenttä,65.40014,26.96311,2026-01-03,-16.1,-27.2
Pudasjärvi lentokenttä,65.40014,26.96311,2026-01-04,-20.8,-30.0
Puolanka Paljakka,64.66392,28.0567,2025-12-31,-12.9,-18.5
Puolanka Paljakka,64.66392,28.0567,2026-01-01,-11.6,-18.0
Puolanka Paljakka,64.66392,28.0567,2026-01-02,-15.2,-22.2
Puolanka Paljakka,64.66392,28.0567,2026-01-03,-19.2,-23.0
Puolanka Paljakka,64.66392,28.0567,2026-01-04,-16.1,-20.8
Puumala kirkonkylä,61.52242,28.18491,2025-12-31,-8.0,-14.9
Puumala kirkonkylä,61.52242,28.18491,2026-01-01,-12.0,-16.8
Puumala kirkonkylä,61.52242,28.18491,2026-01-02,-9.0,-17.8
Puumala kirkonkylä,61.52242,28.18491,2026-01-03,-7.6,-13.3
Puumala kirkonkylä,61.52242,28.18491,2026-01-04,-13.1,-18.8
Pyhtää lentokenttä,60.48595,26.59209,2025-12-31,-6.6,-13.8
Pyhtää lentokenttä,60.48595,26.59209,2026-01-01,-12.0,-21.5
Pyhtää lentokenttä,60.48595,26.59209,2026-01-02,-5.2,-13.3
Pyhtää lentokenttä,60.48595,26.59209,2026-01-03,-5.1,-10.6
Pyhtää lentokenttä,60.48595,26.59209,2026-01-04,-9.7,-14.9
Pyhäjärvi Ojakylä,63.73589,25.70573,2025-12-31,-16.3,-23.3
Pyhäjärvi Ojakylä,63.73589,25.70573,2026-01-01,-15.6,-24.5
Pyhäjärvi Ojakylä,63.73589,25.70573,2026-01-02,-20.5,-25.5
Pyhäjärvi Ojakylä,63.73589,25.70573,2026-01-03,-13.6,-20.9
Pyhäjärvi Ojakylä,63.73589,25.70573,2026-01-04,-19.8,-26.6
Raahe Lapaluoto satama,64.66589,24.40695,2025-12-31,-6.3,-12.8
Raahe Lapaluoto satama,64.66589,24.40695,2026-01-01,-8.2,-17.4
Raahe Lapaluoto satama,64.66589,24.40695,2026-01-02,-17.1,-20.1
Raahe Lapaluoto satama,64.66589,24.40695,2026-01-03,-16.5,-19.8
Raahe Lapaluoto satama,64.66589,24.40695,2026-01-04,-15.0,-20.7
Raahe Nahkiainen,64.61178,23.89674,2025-12-31,-3.4,-6.2
Raahe Nahkiainen,64.61178,23.89674,2026-01-01,-5.8,-11.9
Raahe Nahkiainen,64.61178,23.89674,2026-01-02,-10.5,-16.1
Raahe Nahkiainen,64.61178,23.89674,2026-01-03,-11.4,-14.8
Raahe Nahkiainen,64.61178,23.89674,2026-01-04,-9.1,-13.7
Rantasalmi Rukkasluoto,62.06302,28.56618,2025-12-31,-7.3,-12.9
Rantasalmi Rukkasluoto,62.06302,28.56618,2026-01-01,-11.9,-15.9
Rantasalmi Rukkasluoto,62.06302,28.56618,2026-01-02,-9.8,-16.8
Rantasalmi Rukkasluoto,62.06302,28.56618,2026-01-03,-9.2,-13.5
Rantasalmi Rukkasluoto,62.06302,28.56618,2026-01-04,-13.1,-17.7
Ranua lentokenttä,65.97717,26.36757,2025-12-31,-17.3,-23.5
Ranua lentokenttä,65.97717,26.36757,2026-01-01,-15.2,-22.3
Ranua lentokenttä,65.97717,26.36757,2026-01-02,-14.3,-27.5
Ranua lentokenttä,65.97717,26.36757,2026-01-03,-18.4,-27.4
Ranua lentokenttä,65.97717,26.36757,2026-01-04,-20.7,-28.5
Rauma Kylmäpihlaja,61.14475,21.30273,2025-12-31,-2.3,-6.5
Rauma Kylmäpihlaja,61.14475,21.30273,2026-01-01,-5.5,-8.0
Rauma Kylmäpihlaja,61.14475,21.30273,2026-01-02,-5.9,-8.3
Rauma Kylmäpihlaja,61.14475,21.30273,2026-01-03,-6.2,-8.1
Rauma Kylmäpihlaja,61.14475,21.30273,2026-01-04,-7.4,-14.6
Rauma Pyynpää,61.13658,21.51518,2025-12-31,-6.7,-14.2
Rauma Pyynpää,61.13658,21.51518,2026-01-01,-7.3,-15.0
Rauma Pyynpää,61.13658,21.51518,2026-01-02,-7.7,-9.8
Rauma Pyynpää,61.13658,21.51518,2026-01-03,-7.8,-9.5
Rauma Pyynpää,61.13658,21.51518,2026-01-04,-9.4,-17.4
Rautavaara Ylä-Luosta,63.37806,28.66166,2025-12-31,-14.8,-25.5
Rautavaara Ylä-Luosta,63.37806,28.66166,2026-01-01,-22.1,-27.6
Rautavaara Ylä-Luosta,63.37806,28.66166,2026-01-02,-16.4,-26.0
Rautavaara Ylä-Luosta,63.37806,28.66166,2026-01-03,-11.8,-19.4
Rautavaara Ylä-Luosta,63.37806,28.66166,2026-01-04,-15.8,-24.6
Rovaniemi Apukka,66.57944,26.01094,2025-12-31,-18.7,-31.8
Rovaniemi Apukka,66.57944,26.01094,2026-01-01,-19.0,-33.8
Rovaniemi Apukka,66.57944,26.01094,2026-01-02,-16.0,-32.3
Rovaniemi Apukka,66.57944,26.01094,2026-01-03,-30.8,-35.6
Rovaniemi Apukka,66.57944,26.01094,2026-01-04,-23.2,-34.8
Rovaniemi lentoasema,66.56236,25.83814,2025-12-31,-14.7,-21.7
Rovaniemi lentoasema,66.56236,25.83814,2026-01-01,-16.0,-23.9
Rovaniemi lentoasema,66.56236,25.83814,2026-01-02,-14.0,-21.8
Rovaniemi lentoasema,66.56236,25.83814,2026-01-03,-20.7,-26.1
Rovaniemi lentoasema,66.56236,25.83814,2026-01-04,-21.6,-27.0
Rovaniemi lentoasema AWOS,66.57276,25.84848,2025-12-31,-14.3,-20.9
Rovaniemi lentoasema AWOS,66.57276,25.84848,2026-01-01,-14.6,-23.9
Rovaniemi lentoasema AWOS,66.57276,25.84848,2026-01-02,-13.8,-21.5
Rovaniemi lentoasema AWOS,66.57276,25.84848,2026-01-03,-17.9,-25.4
Rovaniemi lentoasema AWOS,66.57276,25.84848,2026-01-04,-21.2,-26.4
Rovaniemi rautatieasema,66.49832,25.7088,2025-12-31,-20.1,-25.3
Rovaniemi rautatieasema,66.49832,25.7088,2026-01-01,-18.4,-27.8
Rovaniemi rautatieasema,66.49832,25.7088,2026-01-02,-14.2,-26.6
Rovaniemi rautatieasema,66.49832,25.7088,2026-01-03,-25.7,-30.2
Rovaniemi rautatieasema,66.49832,25.7088,2026-01-04,-22.6,-30.3
Salla Naruska,67.16226,29.17766,2025-12-31,-12.1,-30.4
Salla Naruska,67.16226,29.17766,2026-01-01,-14.5,-32.0
Salla Naruska,67.16226,29.17766,2026-01-02,-13.3,-21.8
Salla Naruska,67.16226,29.17766,2026-01-03,-17.0,-33.7
Salla Naruska,67.16226,29.17766,2026-01-04,-25.6,-37.6
Salla Värriötunturi,67.74858,29.61132,2025-12-31,-14.3,-18.4
Salla Värriötunturi,67.74858,29.61132,2026-01-01,-16.7,-19.3
Salla Värriötunturi,67.74858,29.61132,2026-01-02,-13.1,-18.9
Salla Värriötunturi,67.74858,29.61132,2026-01-03,-15.2,-21.7
Salla Värriötunturi,67.74858,29.61132,2026-01-04,-17.0,-24.4
Salla kirkonkylä,66.8166,28.68829,2025-12-31,-16.2,-29.9
Salla kirkonkylä,66.8166,28.68829,2026-01-01,-19.8,-25.0
Salla kirkonkylä,66.8166,28.68829,2026-01-02,-20.5,-30.4
Salla kirkonkylä,66.8166,28.68829,2026-01-03,-21.4,-34.3
Salla kirkonkylä,66.8166,28.68829,2026-01-04,-28.7,-36.7
Salo Kiikala lentokenttä,60.46415,23.64976,2025-12-31,-8.0,-16.5
Salo Kiikala lentokenttä,60.46415,23.64976,2026-01-01,-10.3,-19.9
Salo Kiikala lentokenttä,60.46415,23.64976,2026-01-02,-6.8,-10.5
Salo Kiikala lentokenttä,60.46415,23.64976,2026-01-03,-7.3,-9.9
Salo Kiikala lentokenttä,60.46415,23.64976,2026-01-04,-9.9,-14.8
Salo Kärkkä,60.37392,23.11292,2025-12-31,-6.7,-15.3
Salo Kärkkä,60.37392,23.11292,2026-01-01,-7.2,-17.3
Salo Kärkkä,60.37392,23.11292,2026-01-02,-5.2,-8.1
Salo Kärkkä,60.37392,23.11292,2026-01-03,-5.6,-8.1
Salo Kärkkä,60.37392,23.11292,2026-01-04,-8.1,-14.2
Savonlinna Punkaharju Laukansaari,61.80186,29.31506,2025-12-31,-6.6,-16.2
Savonlinna Punkaharju Laukansaari,61.80186,29.31506,2026-01-01,-14.2,-19.9
Savonlinna Punkaharju Laukansaari,61.80186,29.31506,2026-01-02,-9.4,-19.8
Savonlinna Punkaharju Laukansaari,61.80186,29.31506,2026-01-03,-9.3,-14.1
Savonlinna Punkaharju Laukansaari,61.80186,29.31506,2026-01-04,-12.9,-21.0
Savonlinna lentoasema,61.94638,28.93238,2025-12-31,-7.5,-16.5
Savonlinna lentoasema,61.94638,28.93238,2026-01-01,-13.9,-23.3
Savonlinna lentoasema,61.94638,28.93238,2026-01-02,-9.9,-21.7
Savonlinna lentoasema,61.94638,28.93238,2026-01-03,-9.5,-14.2
Savonlinna lentoasema,61.94638,28.93238,2026-01-04,-13.6,-22.0
Savukoski Tulppio,67.7687,29.21102,2025-12-31,-18.6,-27.6
Savukoski Tulppio,67.7687,29.21102,2026-01-01,-23.0,-32.3
Savukoski Tulppio,67.7687,29.21102,2026-01-02,-20.8,-27.8
Savukoski Tulppio,67.7687,29.21102,2026-01-03,-25.1,-38.9
Savukoski Tulppio,67.7687,29.21102,2026-01-04,-28.0,-39.2
Savukoski kirkonkylä,67.28296,28.1786,2025-12-31,-25.1,-31.5
Savukoski kirkonkylä,67.28296,28.1786,2026-01-01,-17.0,-32.6
Savukoski kirkonkylä,67.28296,28.1786,2026-01-02,-15.3,-25.6
Savukoski kirkonkylä,67.28296,28.1786,2026-01-03,-19.4,-35.8
Savukoski kirkonkylä,67.28296,28.1786,2026-01-04,-23.6,-35.4
Seinäjoki Pelmaa,62.93808,22.48878,2025-12-31,-9.3,-16.1
Seinäjoki Pelmaa,62.93808,22.48878,2026-01-01,-14.2,-19.1
Seinäjoki Pelmaa,62.93808,22.48878,2026-01-02,-11.7,-18.2
Seinäjoki Pelmaa,62.93808,22.48878,2026-01-03,-11.7,-16.0
Seinäjoki Pelmaa,62.93808,22.48878,2026-01-04,-14.4,-23.2
Siikajoki Ruukki,64.68421,25.08919,2025-12-31,-12.2,-21.5
Siikajoki Ruukki,64.68421,25.08919,2026-01-01,-14.1,-21.3
Siikajoki Ruukki,64.68421,25.08919,2026-01-02,-20.9,-22.5
Siikajoki Ruukki,64.68421,25.08919,2026-01-03,-16.6,-21.1
Siikajoki Ruukki,64.68421,25.08919,2026-01-04,-18.3,-24.3
Siilinjärvi Kuopio lentoasema,62.99842,27.80817,2025-12-31,-12.8,-17.4
Siilinjärvi Kuopio lentoasema,62.99842,27.80817,2026-01-01,-16.0,-21.8
Siilinjärvi Kuopio lentoasema,62.99842,27.80817,2026-01-02,-14.0,-23.4
Siilinjärvi Kuopio lentoasema,62.99842,27.80817,2026-01-03,-11.1,-16.3
Siilinjärvi Kuopio lentoasema,62.99842,27.80817,2026-01-04,-15.4,-23.6
Sipoo Itätoukki,60.10121,25.19439,2025-12-31,-4.7,-7.8
Sipoo Itätoukki,60.10121,25.19439,2026-01-01,-3.3,-8.5
Sipoo Itätoukki,60.10121,25.19439,2026-01-02,-1.8,-4.2
Sipoo Itätoukki,60.10121,25.19439,2026-01-03,-1.4,-7.0
Sipoo Itätoukki,60.10121,25.19439,2026-01-04,-6.4,-11.3
Sodankylä Lokka,67.82147,27.74597,2025-12-31,-17.7,-31.3
Sodankylä Lokka,67.82147,27.74597,2026-01-01,-15.4,-33.7
Sodankylä Lokka,67.82147,27.74597,2026-01-02,-16.4,-30.1
Sodankylä Lokka,67.82147,27.74597,2026-01-03,-25.0,-37.0
Sodankylä Lokka,67.82147,27.74597,2026-01-04,-18.3,-30.1
Sodankylä Luosto,67.1391,26.89692,2025-12-31,-13.1,-16.4
Sodankylä Luosto,67.1391,26.89692,2026-01-01,-13.2,-15.2
Sodankylä Luosto,67.1391,26.89692,2026-01-02,-13.8,-14.4
Sodankylä Luosto,67.1391,26.89692,2026-01-03,-14.4,-15.4
Sodankylä Luosto,67.1391,26.89692,2026-01-04,-15.4,-15.9
Sodankylä Tähtelä,67.36663,26.62901,2025-12-31,-19.4,-30.0
Sodankylä Tähtelä,67.36663,26.62901,2026-01-01,-18.8,-27.1
Sodankylä Tähtelä,67.36663,26.62901,2026-01-02,-18.4,-30.6
Sodankylä Tähtelä,67.36663,26.62901,2026-01-03,-27.7,-32.9
Sodankylä Tähtelä,67.36663,26.62901,2026-01-04,-19.3,-27.6
Sodankylä Vuotso,68.08422,27.18501,2025-12-31,-21.7,-32.6
Sodankylä Vuotso,68.08422,27.18501,2026-01-01,-21.3,-33.8
Sodankylä Vuotso,68.08422,27.18501,2026-01-02,-21.0,-31.8
Sodankylä Vuotso,68.08422,27.18501,2026-01-03,-26.5,-34.6
Sodankylä Vuotso,68.08422,27.18501,2026-01-04,-18.1,-27.0
Somero Salkola,60.64668,23.80559,2025-12-31,-7.9,-13.1
Somero Salkola,60.64668,23.80559,2026-01-01,-11.2,-14.9
Somero Salkola,60.64668,23.80559,2026-01-02,-7.7,-11.6
Somero Salkola,60.64668,23.80559,2026-01-03,-8.2,-10.9
Somero Salkola,60.64668,23.80559,2026-01-04,-10.9,-16.9
Sotkamo Kuolaniemi,64.11197,28.33639,2025-12-31,-14.9,-21.6
Sotkamo Kuolaniemi,64.11197,28.33639,2026-01-01,-18.2,-21.4
Sotkamo Kuolaniemi,64.11197,28.33639,2026-01-02,-21.1,-26.9
Sotkamo Kuolaniemi,64.11197,28.33639,2026-01-03,-14.6,-22.6
Sotkamo Kuolaniemi,64.11197,28.33639,2026-01-04,-17.6,-23.1
Sotkamo Tuhkakylä,63.99618,28.05972,2025-12-31,-15.0,-22.9
Sotkamo Tuhkakylä,63.99618,28.05972,2026-01-01,-16.7,-24.5
Sotkamo Tuhkakylä,63.99618,28.05972,2026-01-02,-20.5,-27.8
Sotkamo Tuhkakylä,63.99618,28.05972,2026-01-03,-15.1,-21.6
Sotkamo Tuhkakylä,63.99618,28.05972,2026-01-04,-17.4,-26.1
Suomussalmi Pesiö,64.93125,28.74672,2025-12-31,-16.2,-20.5
Suomussalmi Pesiö,64.93125,28.74672,2026-01-01,-12.5,-21.0
Suomussalmi Pesiö,64.93125,28.74672,2026-01-02,-16.4,-22.3
Suomussalmi Pesiö,64.93125,28.74672,2026-01-03,-18.6,-22.5
Suomussalmi Pesiö,64.93125,28.74672,2026-01-04,-16.4,-25.5
Taivalkoski kirkonkylä,65.57489,28.21766,2025-12-31,-14.3,-25.8
Taivalkoski kirkonkylä,65.57489,28.21766,2026-01-01,-12.0,-20.7
Taivalkoski kirkonkylä,65.57489,28.21766,2026-01-02,-13.3,-27.4
Taivalkoski kirkonkylä,65.57489,28.21766,2026-01-03,-17.9,-26.2
Taivalkoski kirkonkylä,65.57489,28.21766,2026-01-04,-20.6,-32.2
Tampere Härmälä,61.46561,23.74678,2025-12-31,-6.5,-14.7
Tampere Härmälä,61.46561,23.74678,2026-01-01,-10.4,-17.1
Tampere Härmälä,61.46561,23.74678,2026-01-02,-9.7,-12.5
Tampere Härmälä,61.46561,23.74678,2026-01-03,-9.1,-11.9
Tampere Härmälä,61.46561,23.74678,2026-01-04,-11.9,-18.9
Tampere Siilinkari,61.51757,23.75388,2025-12-31,-5.5,-9.9
Tampere Siilinkari,61.51757,23.75388,2026-01-01,-9.2,-11.6
Tampere Siilinkari,61.51757,23.75388,2026-01-02,-8.7,-11.7
Tampere Siilinkari,61.51757,23.75388,2026-01-03,-8.3,-11.6
Tampere Siilinkari,61.51757,23.75388,2026-01-04,-10.8,-17.5
Tervola Loue,66.15352,24.99031,2025-12-31,-22.4,-29.3
Tervola Loue,66.15352,24.99031,2026-01-01,-17.4,-30.2
Tervola Loue,66.15352,24.99031,2026-01-02,-13.5,-28.2
Tervola Loue,66.15352,24.99031,2026-01-03,-26.5,-31.4
Tervola Loue,66.15352,24.99031,2026-01-04,-21.1,-32.4
Tohmajärvi Kemie,62.23539,30.34662,2025-12-31,-7.1,-22.0
Tohmajärvi Kemie,62.23539,30.34662,2026-01-01,-17.0,-23.8
Tohmajärvi Kemie,62.23539,30.34662,2026-01-02,-11.7,-27.6
Tohmajärvi Kemie,62.23539,30.34662,2026-01-03,-11.7,-14.6
Tohmajärvi Kemie,62.23539,30.34662,2026-01-04,-14.6,-22.7
Toholampi Laitala,63.82133,24.16323,2025-12-31,-12.5,-22.7
Toholampi Laitala,63.82133,24.16323,2026-01-01,-14.2,-23.3
Toholampi Laitala,63.82133,24.16323,2026-01-02,-19.0,-23.6
Toholampi Laitala,63.82133,24.16323,2026-01-03,-13.8,-20.1
Toholampi Laitala,63.82133,24.16323,2026-01-04,-17.4,-25.0
Tornio Kaakkuri,65.86893,24.17936,2025-12-31,-17.5,-21.9
Tornio Kaakkuri,65.86893,24.17936,2026-01-01,-17.2,-24.1
Tornio Kaakkuri,65.86893,24.17936,2026-01-02,-16.7,-22.9
Tornio Kaakkuri,65.86893,24.17936,2026-01-03,-22.4,-26.7
Tornio Kaakkuri,65.86893,24.17936,2026-01-04,-21.6,-27.8
Turku Artukainen,60.45439,22.1787,2025-12-31,-6.2,-13.0
Turku Artukainen,60.45439,22.1787,2026-01-01,-5.9,-14.3
Turku Artukainen,60.45439,22.1787,2026-01-02,-5.6,-7.6
Turku Artukainen,60.45439,22.1787,2026-01-03,-6.5,-8.2
Turku Artukainen,60.45439,22.1787,2026-01-04,-8.2,-15.5
Turku Rajakari,60.37788,22.0964,2025-12-31,-3.7,-6.5
Turku Rajakari,60.37788,22.0964,2026-01-01,-3.7,-8.4
Turku Rajakari,60.37788,22.0964,2026-01-02,-3.7,-6.3
Turku Rajakari,60.37788,22.0964,2026-01-03,-5.0,-7.0
Turku Rajakari,60.37788,22.0964,2026-01-04,-6.3,-13.8
Turku lentoasema,60.51565,22.27916,2025-12-31,-6.5,-15.0
Turku lentoasema,60.51565,22.27916,2026-01-01,-6.8,-16.8
Turku lentoasema,60.51565,22.27916,2026-01-02,-6.2,-8.5
Turku lentoasema,60.51565,22.27916,2026-01-03,-7.1,-8.8
Turku lentoasema,60.51565,22.27916,2026-01-04,-8.8,-16.7
Utsjoki Kevo,69.75637,27.00678,2025-12-31,-11.2,-29.0
Utsjoki Kevo,69.75637,27.00678,2026-01-01,-29.0,-36.8
Utsjoki Kevo,69.75637,27.00678,2026-01-02,-25.3,-36.7
Utsjoki Kevo,69.75637,27.00678,2026-01-03,-24.7,-33.9
Utsjoki Kevo,69.75637,27.00678,2026-01-04,-25.6,-35.8
Utsjoki Kevo Kevojärvi,69.757,27.012,2025-12-31,-15.4,-31.2
Utsjoki Kevo Kevojärvi,69.757,27.012,2026-01-01,-30.0,-38.7
Utsjoki Kevo Kevojärvi,69.757,27.012,2026-01-02,-29.3,-39.1
Utsjoki Kevo Kevojärvi,69.757,27.012,2026-01-03,-24.4,-34.4
Utsjoki Kevo Kevojärvi,69.757,27.012,2026-01-04,-25.4,-37.3
Utsjoki Nuorgam,70.08203,27.8965,2025-12-31,-7.7,-27.6
Utsjoki Nuorgam,70.08203,27.8965,2026-01-01,-27.3,-35.1
Utsjoki Nuorgam,70.08203,27.8965,2026-01-02,-17.9,-35.5
Utsjoki Nuorgam,70.08203,27.8965,2026-01-03,-19.9,-31.5
Utsjoki Nuorgam,70.08203,27.8965,2026-01-04,-19.9,-31.1
Vaala Pelso,64.50144,26.42386,2025-12-31,-17.6,-23.6
Vaala Pelso,64.50144,26.42386,2026-01-01,-18.7,-27.4
Vaala Pelso,64.50144,26.42386,2026-01-02,-20.0,-24.3
Vaala Pelso,64.50144,26.42386,2026-01-03,-15.2,-20.6
Vaala Pelso,64.50144,26.42386,2026-01-04,-18.6,-28.3
Vaasa Klemettilä,63.09871,21.63938,2025-12-31,-5.2,-15.2
Vaasa Klemettilä,63.09871,21.63938,2026-01-01,-12.2,-17.4
Vaasa Klemettilä,63.09871,21.63938,2026-01-02,-10.5,-16.7
Vaasa Klemettilä,63.09871,21.63938,2026-01-03,-10.7,-16.0
Vaasa Klemettilä,63.09871,21.63938,2026-01-04,-13.2,-17.2
Vaasa lentoasema,63.05858,21.7546,2025-12-31,-6.5,-17.2
Vaasa lentoasema,63.05858,21.7546,2026-01-01,-13.0,-19.6
Vaasa lentoasema,63.05858,21.7546,2026-01-02,-11.3,-17.4
Vaasa lentoasema,63.05858,21.7546,2026-01-03,-11.1,-16.5
Vaasa lentoasema,63.05858,21.7546,2026-01-04,-13.5,-21.5
Vantaa Helsinki-Vantaan lentoasema,60.32937,24.97274,2025-12-31,-7.7,-16.5
Vantaa Helsinki-Vantaan lentoasema,60.32937,24.97274,2026-01-01,-11.4,-20.3
Vantaa Helsinki-Vantaan lentoasema,60.32937,24.97274,2026-01-02,-4.9,-11.7
Vantaa Helsinki-Vantaan lentoasema,60.32937,24.97274,2026-01-03,-6.3,-9.9
Vantaa Helsinki-Vantaan lentoasema,60.32937,24.97274,2026-01-04,-9.9,-14.9
Varkaus Kosulanniemi,62.32221,27.90785,2025-12-31,-10.6,-15.9
Varkaus Kosulanniemi,62.32221,27.90785,2026-01-01,-12.9,-21.7
Varkaus Kosulanniemi,62.32221,27.90785,2026-01-02,-10.9,-20.7
Varkaus Kosulanniemi,62.32221,27.90785,2026-01-03,-10.4,-14.9
Varkaus Kosulanniemi,62.32221,27.90785,2026-01-04,-14.3,-20.5
Vesanto kirkonkylä,62.92178,26.4247,2025-12-31,-12.7,-18.7
Vesanto kirkonkylä,62.92178,26.4247,2026-01-01,-13.9,-21.4
Vesanto kirkonkylä,62.92178,26.4247,2026-01-02,-14.5,-22.7
Vesanto kirkonkylä,62.92178,26.4247,2026-01-03,-11.5,-17.4
Vesanto kirkonkylä,62.92178,26.4247,2026-01-04,-16.9,-23.8
Vieremä Kaarakkala,63.8409,27.22061,2025-12-31,-15.3,-19.5
Vieremä Kaarakkala,63.8409,27.22061,2026-01-01,-19.3,-22.8
Vieremä Kaarakkala,63.8409,27.22061,2026-01-02,-19.7,-23.3
Vieremä Kaarakkala,63.8409,27.22061,2026-01-03,-14.7,-21.5
Vieremä Kaarakkala,63.8409,27.22061,2026-01-04,-18.6,-21.7
Vihti Maasoja,60.41875,24.39862,2025-12-31,-7.5,-18.2
Vihti Maasoja,60.41875,24.39862,2026-01-01,-11.9,-19.8
Vihti Maasoja,60.41875,24.39862,2026-01-02,-6.3,-11.9
Vihti Maasoja,60.41875,24.39862,2026-01-03,-6.7,-9.8
Vihti Maasoja,60.41875,24.39862,2026-01-04,-9.8,-14.5
Viitasaari Haapaniemi,63.08225,25.85862,2025-12-31,-12.4,-16.6
Viitasaari Haapaniemi,63.08225,25.85862,2026-01-01,-13.4,-20.2
Viitasaari Haapaniemi,63.08225,25.85862,2026-01-02,-14.7,-22.7
Viitasaari Haapaniemi,63.08225,25.85862,2026-01-03,-12.0,-17.8
Viitasaari Haapaniemi,63.08225,25.85862,2026-01-04,-17.6,-23.0
Virolahti Koivuniemi,60.5272,27.67274,2025-12-31,-5.0,-13.2
Virolahti Koivuniemi,60.5272,27.67274,2026-01-01,-12.2,-20.0
Virolahti Koivuniemi,60.5272,27.67274,2026-01-02,-5.8,-14.7
Virolahti Koivuniemi,60.5272,27.67274,2026-01-03,-6.3,-10.2
Virolahti Koivuniemi,60.5272,27.67274,2026-01-04,-9.6,-13.5
Virrat Äijänneva,62.32783,23.54228,2025-12-31,-11.0,-15.6
Virrat Äijänneva,62.32783,23.54228,2026-01-01,-13.1,-18.7
Virrat Äijänneva,62.32783,23.54228,2026-01-02,-11.6,-18.0
Virrat Äijänneva,62.32783,23.54228,2026-01-03,-11.6,-13.3
Virrat Äijänneva,62.32783,23.54228,2026-01-04,-13.4,-24.2
Ylitornio Meltosjärvi,66.52952,24.6496,2025-12-31,-26.5,-34.0
Ylitornio Meltosjärvi,66.52952,24.6496,2026-01-01,-19.7,-34.5
Ylitornio Meltosjärvi,66.52952,24.6496,2026-01-02,-18.0,-32.3
Ylitornio Meltosjärvi,66.52952,24.6496,2026-01-03,-31.3,-35.4
Ylitornio Meltosjärvi,66.52952,24.6496,2026-01-04,-23.9,-35.5
Ylivieska lentokenttä,64.05029,24.72468,2025-12-31,-18.0,-25.0
Ylivieska lentokenttä,64.05029,24.72468,2026-01-01,-12.6,-25.3
Ylivieska lentokenttä,64.05029,24.72468,2026-01-02,-20.0,-27.0
Ylivieska lentokenttä,64.05029,24.72468,2026-01-03,-14.0,-21.3
Ylivieska lentokenttä,64.05029,24.72468,2026-01-04,-20.5,-27.1
Ähtäri Inha,62.55461,24.14239,2025-12-31,-10.5,-17.2
Ähtäri Inha,62.55461,24.14239,2026-01-01,-15.5,-18.8
Ähtäri Inha,62.55461,24.14239,2026-01-02,-12.4,-18.4
Ähtäri Inha,62.55461,24.14239,2026-01-03,-12.0,-13.6
Ähtäri Inha,62.55461,24.14239,2026-01-04,-13.3,-22.0
